customer_id,customer_name,segment,city,state,total_orders,total_sales,total_profit,avg_order_value,first_order_date,last_order_date,days_since_last_order,total_quantity,avg_discount,sales_percentile,customer_status,dormant_period_category,recovery_priority,profit_margin_percent,discount_category,dormant_category
TC-20980,Tamara Chand,Consumer,Decatur,Alabama,5,56368.01,26617.44,1761.5,2016-11-07,2018-11-26,2500,123,0.10625,0.0,DORMANT_VALUABLE,Более 2 лет,Высокий,47.22,Средние скидки,>2 лет
RB-19360,Raymond Buch,Consumer,Auburn,California,6,44764.36,20798.27,1065.82,2018-04-01,2019-09-25,2197,164,0.1,0.0,DORMANT_VALUABLE,Более 2 лет,Высокий,46.46,Низкие скидки,>2 лет
TA-21385,Tom Ashbrook,Consumer,Chicago,Illinois,4,43729.46,14100.46,1507.91,2016-09-12,2019-10-22,2170,103,0.08275862068965517,0.0,DORMANT_VALUABLE,Более 2 лет,Высокий,32.24,Низкие скидки,>2 лет
SC-20095,Sanjit Chand,Consumer,Concord,Arkansas,9,39919.17,16417.55,725.8,2016-02-12,2019-01-15,2450,209,0.06181818181818182,0.0,DORMANT_VALUABLE,Более 2 лет,Высокий,41.13,Низкие скидки,>2 лет
AB-10105,Adrian Barton,Consumer,Bloomington,Arizona,10,39124.49,15770.28,954.26,2016-12-20,2019-11-19,2142,168,0.25365853658536586,0.0,DORMANT_VALUABLE,Более 2 лет,Высокий,40.31,Высокие скидки,>2 лет
HL-15040,Hunter Lopez,Consumer,Houston,Arkansas,6,36282.04,16295.41,1577.48,2016-01-20,2019-11-17,2144,112,0.008695652173913044,0.01,DORMANT_VALUABLE,Более 2 лет,Высокий,44.91,Низкие скидки,>2 лет
BM-11140,Becky Martin,Consumer,Des Moines,California,4,33785.39,-5251.75,913.12,2016-09-08,2019-02-26,2408,158,0.20270270270270271,0.01,DORMANT_VALUABLE,Более 2 лет,Высокий,-15.54,Высокие скидки,>2 лет
CC-12370,Christopher Conant,Consumer,Fayetteville,California,5,33613.75,5668.96,1084.31,2018-05-23,2019-11-17,2144,92,0.2806451612903226,0.01,DORMANT_VALUABLE,Более 2 лет,Высокий,16.86,Высокие скидки,>2 лет
KL-16645,Ken Lonsdale,Consumer,Chicago,California,12,31760.66,2067.9,467.07,2016-07-25,2019-11-13,2148,280,0.18823529411764706,0.01,DORMANT_VALUABLE,Более 2 лет,Высокий,6.51,Средние скидки,>2 лет
SV-20365,Seth Vernon,Consumer,Cleveland,California,10,31739.48,3722.77,396.74,2016-01-11,2019-09-20,2202,278,0.1475,0.01,DORMANT_VALUABLE,Более 2 лет,Высокий,11.73,Средние скидки,>2 лет
KF-16285,Karen Ferguson,Consumer,Indianapolis,California,7,29715.01,4698.75,582.65,2016-09-26,2019-09-24,2198,179,0.03137254901960784,0.01,DORMANT_VALUABLE,Более 2 лет,Высокий,15.81,Низкие скидки,>2 лет
SM-20320,Sean Miller,Consumer,Allentown,California,5,28205.62,-2291.92,705.14,2016-03-18,2019-10-12,2180,128,0.2225,0.01,DORMANT_VALUABLE,Более 2 лет,Высокий,-8.13,Высокие скидки,>2 лет
JD-16150,Justin Deggeller,Consumer,Los Angeles,California,8,27612.17,5017.13,575.25,2016-11-16,2019-11-19,2142,172,0.059375,0.01,DORMANT_VALUABLE,Более 2 лет,Высокий,18.17,Низкие скидки,>2 лет
NF-18385,Natalie Fritzler,Consumer,Charlotte,Illinois,7,27236.67,-901.54,716.75,2016-02-11,2019-10-12,2180,155,0.23421052631578948,0.01,DORMANT_VALUABLE,Более 2 лет,Высокий,-3.31,Высокие скидки,>2 лет
ME-17320,Maria Etezadi,Consumer,Chicago,California,10,27042.62,5065.43,436.17,2016-01-06,2019-11-18,2143,222,0.13709677419354838,0.01,DORMANT_VALUABLE,Более 2 лет,Высокий,18.73,Средние скидки,>2 лет
CM-12385,Christopher Martinez,Consumer,Atlanta,California,4,26846.48,11700.61,958.8,2017-03-16,2019-11-23,2138,98,0.10714285714285714,0.02,DORMANT_VALUABLE,Более 2 лет,Высокий,43.58,Средние скидки,>2 лет
CJ-12010,Caroline Jumper,Consumer,Allentown,California,8,26701.36,1278.2,568.11,2018-03-10,2019-06-24,2290,208,0.19553191489361701,0.02,DORMANT_VALUABLE,Более 2 лет,Высокий,4.79,Средние скидки,>2 лет
BM-11650,Brian Moss,Consumer,Ann Arbor,California,11,26196.47,7888.0,301.11,2016-07-09,2019-11-27,2134,290,0.07413793103448275,0.02,DORMANT_VALUABLE,Более 2 лет,Высокий,30.11,Низкие скидки,>2 лет
TS-21370,Todd Sumrall,Consumer,Chicago,Arizona,6,25052.79,4768.0,626.32,2016-10-28,2019-11-24,2137,158,0.11375,0.02,DORMANT_VALUABLE,Более 2 лет,Высокий,19.03,Средние скидки,>2 лет
HW-14935,Helen Wasserman,Consumer,Chicago,California,8,24802.93,6995.06,459.31,2017-09-27,2019-09-04,2218,215,0.03518518518518519,0.02,DORMANT_VALUABLE,Более 2 лет,Высокий,28.2,Низкие скидки,>2 лет
GT-14710,Greg Tran,Consumer,Buffalo,California,11,24457.24,3789.94,349.39,2016-05-23,2019-11-24,2137,245,0.11,0.02,DORMANT_VALUABLE,Более 2 лет,Высокий,15.5,Средние скидки,>2 лет
CL-12565,Clay Ludtke,Consumer,Cleveland,California,12,24393.33,4131.0,369.6,2016-03-04,2019-03-21,2385,250,0.11212121212121212,0.02,DORMANT_VALUABLE,Более 2 лет,Высокий,16.93,Средние скидки,>2 лет
DR-12940,Daniel Raglin,Consumer,Albuquerque,Florida,8,24376.15,8495.79,716.95,2016-03-28,2019-11-10,2151,155,0.15,0.02,DORMANT_VALUABLE,Более 2 лет,Высокий,34.85,Средние скидки,>2 лет
EH-13765,Edward Hooks,Consumer,Chicago,California,12,24052.46,3310.19,308.36,2016-04-12,2019-08-17,2236,304,0.08076923076923077,0.02,DORMANT_VALUABLE,Более 2 лет,Высокий,13.76,Низкие скидки,>2 лет
LA-16780,Laura Armstrong,Consumer,Austin,California,11,23951.14,5607.0,362.9,2016-04-29,2019-07-29,2255,268,0.12424242424242424,0.02,DORMANT_VALUABLE,Более 2 лет,Высокий,23.41,Средние скидки,>2 лет
PF-19120,Peter Fuller,Consumer,Gilbert,Arizona,4,23512.53,-1952.58,534.38,2016-05-05,2017-09-17,2935,168,0.12954545454545455,0.03,DORMANT_VALUABLE,Более 2 лет,Высокий,-8.3,Средние скидки,>2 лет
JW-15220,Jane Waco,Consumer,Lakewood,Alabama,6,22841.4,6455.24,652.61,2017-04-30,2019-11-18,2143,176,0.08,0.03,DORMANT_VALUABLE,Более 2 лет,Высокий,28.26,Низкие скидки,>2 лет
JM-15865,John Murray,Consumer,Akron,Arizona,7,22732.08,4671.38,631.45,2016-11-19,2019-09-12,2210,139,0.2,0.03,DORMANT_VALUABLE,Более 2 лет,Высокий,20.55,Средние скидки,>2 лет
JD-15895,Jonathan Doherty,Consumer,Belleville,California,11,22698.45,3103.02,257.94,2016-03-26,2018-12-01,2495,401,0.07954545454545454,0.03,DORMANT_VALUABLE,Более 2 лет,Высокий,13.67,Низкие скидки,>2 лет
JE-15610,Jim Epp,Consumer,Atlanta,California,7,22178.41,4558.31,418.46,2016-10-14,2019-11-12,2149,195,0.17735849056603772,0.03,DORMANT_VALUABLE,Более 2 лет,Высокий,20.55,Средние скидки,>2 лет
JE-15715,Joe Elijah,Consumer,Broomfield,California,10,22152.92,3793.31,395.59,2016-08-25,2019-11-14,2147,238,0.31785714285714284,0.03,DORMANT_VALUABLE,Более 2 лет,Высокий,17.12,Высокие скидки,>2 лет
PP-18955,Paul Prost,Consumer,Hollywood,California,10,21854.3,4571.12,218.54,2016-08-26,2019-09-24,2198,409,0.107,0.03,DORMANT_VALUABLE,Более 2 лет,Высокий,20.92,Средние скидки,>2 лет
JH-15985,Joseph Holt,Consumer,Concord,California,6,21416.1,-2677.9,611.89,2016-08-09,2019-12-01,2130,162,0.09142857142857143,0.03,DORMANT_VALUABLE,Более 2 лет,Высокий,-12.5,Низкие скидки,>2 лет
KM-16375,Katherine Murray,Consumer,Arlington,Arizona,8,21395.56,4996.28,368.89,2016-07-20,2019-11-04,2157,199,0.13793103448275862,0.03,DORMANT_VALUABLE,Более 2 лет,Высокий,23.35,Средние скидки,>2 лет
NP-18700,Nora Preis,Consumer,Bowling Green,California,7,21270.24,1651.89,686.14,2016-09-05,2019-08-14,2239,163,0.20967741935483872,0.03,DORMANT_VALUABLE,Более 2 лет,Высокий,7.77,Высокие скидки,>2 лет
AH-10690,Anna H�berlin,Consumer,Coral Gables,California,12,21038.25,3627.6,344.89,2016-04-02,2018-11-15,2511,261,0.23278688524590163,0.04,DORMANT_VALUABLE,Более 2 лет,Высокий,17.24,Высокие скидки,>2 лет
JK-15640,Jim Kriz,Consumer,Cleveland,California,9,20857.17,5687.34,595.92,2016-09-19,2019-07-03,2281,123,0.09714285714285714,0.04,DORMANT_VALUABLE,Более 2 лет,Высокий,27.27,Низкие скидки,>2 лет
RW-19540,Rick Wilson,Consumer,Brentwood,Arizona,7,20446.55,4390.25,352.53,2017-02-03,2019-09-01,2221,232,0.13793103448275862,0.04,DORMANT_VALUABLE,Более 2 лет,Высокий,21.47,Средние скидки,>2 лет
PS-19045,Penelope Sewall,Consumer,Charlotte,California,7,20445.94,5204.74,552.59,2016-12-20,2019-05-08,2337,138,0.0891891891891892,0.04,DORMANT_VALUABLE,Более 2 лет,Высокий,25.46,Низкие скидки,>2 лет
LC-16885,Lena Creighton,Consumer,Champaign,California,12,20257.07,4188.8,337.62,2016-04-25,2019-12-14,2117,233,0.14166666666666666,0.04,DORMANT_VALUABLE,Более 2 лет,Высокий,20.68,Средние скидки,>2 лет
NC-18535,Nick Crebassa,Consumer,Dallas,Arizona,7,19417.1,3189.75,510.98,2016-07-23,2019-12-24,2107,172,0.13815789473684212,0.04,DORMANT_VALUABLE,Более 2 лет,Высокий,16.43,Средние скидки,>2 лет
PK-19075,Pete Kriz,Consumer,Apple Valley,California,12,19306.9,4358.66,321.78,2016-11-11,2019-12-21,2110,268,0.08,0.04,DORMANT_VALUABLE,Более 2 лет,Высокий,22.58,Низкие скидки,>2 лет
AB-10060,Adam Bellavance,Consumer,Concord,California,8,19139.45,4832.45,329.99,2017-09-18,2019-11-06,2155,176,0.034482758620689655,0.04,DORMANT_VALUABLE,Более 2 лет,Высокий,25.25,Низкие скидки,>2 лет
Dp-13240,Dean percer,Consumer,Charlotte,Arizona,11,18786.06,-86.47,221.01,2016-05-26,2019-10-07,2185,288,0.19294117647058823,0.04,DORMANT_VALUABLE,Более 2 лет,Высокий,-0.46,Средние скидки,>2 лет
JL-15835,John Lee,Consumer,Charlotte,California,11,18747.62,2088.19,243.48,2016-04-18,2019-12-09,2122,341,0.08051948051948052,0.04,DORMANT_VALUABLE,Более 2 лет,Высокий,11.14,Низкие скидки,>2 лет
ZC-21910,Zuschuss Carroll,Consumer,Aurora,California,13,18433.5,-2186.86,252.51,2016-10-13,2019-11-06,2155,246,0.2493150684931507,0.05,DORMANT_VALUABLE,Более 2 лет,Высокий,-11.86,Высокие скидки,>2 лет
JG-15160,James Galang,Consumer,Atlanta,California,11,18359.09,4989.28,417.25,2016-05-30,2019-12-29,2102,166,0.09090909090909091,0.05,DORMANT_VALUABLE,Более 2 лет,Высокий,27.18,Низкие скидки,>2 лет
GK-14620,Grace Kelly,Consumer,Dallas,California,9,18289.02,3577.29,537.91,2016-06-25,2019-09-09,2213,167,0.1411764705882353,0.05,DORMANT_VALUABLE,Более 2 лет,Высокий,19.56,Средние скидки,>2 лет
HM-14860,Harry Marie,Consumer,Carrollton,California,10,18265.48,5071.67,415.12,2016-07-21,2019-12-28,2103,175,0.20772727272727273,0.05,DORMANT_VALUABLE,Более 2 лет,Высокий,27.77,Высокие скидки,>2 лет
BB-11545,Brenda Bowman,Consumer,Chicago,California,9,17981.36,2633.6,339.27,2017-06-05,2019-12-02,2129,216,0.19811320754716982,0.05,DORMANT_VALUABLE,Более 2 лет,Высокий,14.65,Средние скидки,>2 лет
DR-12880,Dan Reichenbach,Consumer,Chicago,California,9,17964.64,4741.86,280.7,2017-09-25,2019-12-27,2104,275,0.13125,0.05,DORMANT_VALUABLE,Более 2 лет,Высокий,26.4,Средние скидки,>2 лет
SD-20485,Shirley Daniels,Consumer,Alexandria,Arizona,9,17766.71,5782.21,323.03,2016-01-26,2019-06-13,2301,225,0.10545454545454545,0.05,DORMANT_VALUABLE,Более 2 лет,Высокий,32.55,Средние скидки,>2 лет
BF-11170,Ben Ferrer,Consumer,Atlanta,California,11,17737.83,4477.41,233.39,2016-04-13,2019-12-14,2117,288,0.12763157894736843,0.05,DORMANT_VALUABLE,Более 2 лет,Высокий,25.24,Средние скидки,>2 лет
RH-19510,Rick Huthwaite,Consumer,Los Angeles,California,6,17690.67,3680.48,478.13,2016-11-16,2018-09-19,2568,132,0.02702702702702703,0.05,DORMANT_VALUABLE,Более 2 лет,Высокий,20.8,Низкие скидки,>2 лет
KD-16495,Keith Dawkins,Consumer,Chesapeake,California,12,17586.48,6351.78,247.7,2016-09-28,2019-09-09,2213,218,0.11408450704225352,0.05,DORMANT_VALUABLE,Более 2 лет,Высокий,36.12,Средние скидки,>2 лет
QJ-19255,Quincy Jones,Consumer,Burlington,Illinois,9,17520.81,3727.98,473.54,2016-03-17,2019-12-05,2126,172,0.11351351351351352,0.06,DORMANT_VALUABLE,Более 2 лет,Высокий,21.28,Средние скидки,>2 лет
KC-16540,Kelly Collister,Consumer,Houston,California,4,17513.76,3302.05,1347.21,2017-11-02,2019-09-24,2198,89,0.16923076923076924,0.06,DORMANT_VALUABLE,Более 2 лет,Высокий,18.85,Средние скидки,>2 лет
MH-18115,Mick Hernandez,Consumer,Chester,Alabama,9,17439.66,472.86,276.82,2018-08-23,2019-12-25,2106,236,0.15873015873015872,0.06,DORMANT_VALUABLE,Более 2 лет,Высокий,2.71,Средние скидки,>2 лет
RM-19675,Robert Marley,Consumer,Cambridge,California,5,17433.33,5576.6,544.79,2016-11-14,2019-12-24,2107,113,0.046875,0.06,DORMANT_VALUABLE,Более 2 лет,Высокий,31.99,Низкие скидки,>2 лет
PO-18850,Patrick O'Brill,Consumer,Burlington,California,11,17347.06,-332.09,299.09,2016-11-02,2019-12-26,2105,231,0.21275862068965518,0.06,DORMANT_VALUABLE,Более 2 лет,Высокий,-1.91,Высокие скидки,>2 лет
MS-17365,Maribeth Schnelling,Consumer,Boca Raton,Arizona,10,17314.97,2397.34,293.47,2016-09-09,2019-04-01,2374,258,0.1711864406779661,0.06,DORMANT_VALUABLE,Более 2 лет,Высокий,13.85,Средние скидки,>2 лет
SB-20290,Sean Braxton,Consumer,Florence,California,7,17129.72,-3377.46,428.24,2016-05-09,2019-11-13,2148,183,0.2075,0.06,DORMANT_VALUABLE,Более 2 лет,Высокий,-19.72,Высокие скидки,>2 лет
JE-15745,Joel Eaton,Consumer,Amarillo,Arkansas,13,17067.56,160.47,316.07,2016-06-22,2019-11-09,2152,209,0.13796296296296295,0.06,DORMANT_VALUABLE,Более 2 лет,Высокий,0.94,Средние скидки,>2 лет
SE-20110,Sanjit Engle,Consumer,Arlington,California,11,17053.93,2925.97,334.39,2016-04-11,2019-12-21,2110,199,0.09411764705882353,0.06,DORMANT_VALUABLE,Более 2 лет,Высокий,17.16,Низкие скидки,>2 лет
YS-21880,Yana Sorensen,Consumer,Burlington,Alabama,8,16843.9,4325.08,526.37,2017-01-12,2019-12-21,2110,156,0.05,0.06,DORMANT_VALUABLE,Более 2 лет,Высокий,25.68,Низкие скидки,>2 лет
CB-12025,Cassandra Brandow,Consumer,Arlington,Alabama,10,16659.16,-488.72,268.7,2016-03-21,2019-11-13,2148,295,0.19516129032258064,0.07,DORMANT_VALUABLE,Более 2 лет,Высокий,-2.93,Средние скидки,>2 лет
TT-21460,Tonja Turnell,Consumer,Aurora,California,7,16222.92,3304.9,377.28,2017-12-08,2019-12-18,2113,150,0.13488372093023257,0.07,DORMANT_VALUABLE,Более 2 лет,Высокий,20.37,Средние скидки,>2 лет
DP-13390,Dennis Pardue,Consumer,Aurora,Alabama,9,16165.45,4835.74,425.41,2016-07-05,2019-01-06,2459,131,0.18421052631578946,0.07,DORMANT_VALUABLE,Более 2 лет,Высокий,29.91,Средние скидки,>2 лет
FH-14365,Fred Hopkins,Consumer,Hempstead,California,8,16133.13,4492.94,488.88,2016-10-20,2019-12-25,2106,140,0.11818181818181818,0.07,DORMANT_VALUABLE,Более 2 лет,Высокий,27.85,Средние скидки,>2 лет
SP-20620,Stefania Perrino,Consumer,Buffalo,California,9,15976.0,-1173.7,249.62,2016-09-08,2019-11-13,2148,206,0.2578125,0.07,DORMANT_VALUABLE,Более 2 лет,Высокий,-7.35,Высокие скидки,>2 лет
TP-21415,Tom Prescott,Consumer,Dallas,New York,5,15959.19,-3100.07,693.88,2017-11-28,2019-09-17,2205,95,0.44956521739130434,0.07,DORMANT_VALUABLE,Более 2 лет,Высокий,-19.42,Высокие скидки,>2 лет
YC-21895,Yoseph Carroll,Consumer,Dallas,California,5,15669.28,3801.12,870.52,2016-11-17,2019-12-26,2105,71,0.07777777777777778,0.07,DORMANT_VALUABLE,Более 2 лет,Высокий,24.26,Низкие скидки,>2 лет
TW-21025,Tamara Willingham,Consumer,Charlottesville,Arizona,7,15481.76,2157.91,483.8,2016-12-22,2019-10-27,2165,155,0.1,0.07,DORMANT_VALUABLE,Более 2 лет,Высокий,13.94,Низкие скидки,>2 лет
HR-14830,Harold Ryan,Consumer,Gilbert,Arizona,7,15295.08,3584.57,392.18,2016-11-24,2019-07-24,2260,141,0.09487179487179487,0.07,DORMANT_VALUABLE,Более 2 лет,Высокий,23.44,Низкие скидки,>2 лет
LW-17215,Luke Weiss,Consumer,Chicago,California,7,15259.67,2250.46,435.99,2016-09-12,2019-12-09,2122,146,0.18,0.07,DORMANT_VALUABLE,Более 2 лет,Высокий,14.75,Средние скидки,>2 лет
MP-18175,Mike Pelletier,Consumer,Chicago,California,9,14987.81,717.3,267.64,2016-03-28,2019-12-14,2117,231,0.15446428571428572,0.08,DORMANT_VALUABLE,Более 2 лет,Средний,4.79,Средние скидки,>2 лет
SC-20380,Shahid Collister,Consumer,Atlanta,Connecticut,9,14868.85,50.86,270.34,2016-03-01,2019-11-30,2131,211,0.22727272727272727,0.08,DORMANT_VALUABLE,Более 2 лет,Средний,0.34,Высокие скидки,>2 лет
RA-19915,Russell Applegate,Consumer,Chicago,California,9,14775.65,1044.32,263.85,2016-06-30,2019-12-18,2113,193,0.31875,0.08,DORMANT_VALUABLE,Более 2 лет,Средний,7.07,Высокие скидки,>2 лет
AC-10450,Amy Cox,Consumer,Avondale,Arizona,7,14700.42,3859.43,639.15,2016-10-31,2019-12-19,2112,103,0.20434782608695654,0.08,DORMANT_VALUABLE,Более 2 лет,Средний,26.25,Высокие скидки,>2 лет
SM-20950,Suzanne McNair,Consumer,Broomfield,California,12,14666.38,1494.73,261.9,2016-09-29,2019-12-05,2126,244,0.10535714285714286,0.08,DORMANT_VALUABLE,Более 2 лет,Средний,10.19,Средние скидки,>2 лет
AD-10180,Alan Dominguez,Consumer,Fairfield,California,8,14550.29,4165.9,454.7,2016-11-19,2019-12-01,2130,107,0.05,0.08,DORMANT_VALUABLE,Более 2 лет,Средний,28.63,Низкие скидки,>2 лет
DH-13075,Dave Hallsten,Consumer,Decatur,Alabama,6,14491.16,3595.36,233.73,2016-11-21,2019-03-28,2378,220,0.07096774193548387,0.08,DORMANT_VALUABLE,Более 2 лет,Средний,24.81,Низкие скидки,>2 лет
WB-21850,William Brown,Consumer,Anaheim,California,11,14489.61,1314.07,157.5,2016-11-04,2019-12-10,2121,365,0.20978260869565218,0.08,DORMANT_VALUABLE,Более 2 лет,Средний,9.07,Высокие скидки,>2 лет
BH-11710,Brosina Hoffman,Consumer,Chicago,California,8,14086.88,1893.42,247.14,2016-06-09,2019-12-07,2124,232,0.1631578947368421,0.08,DORMANT_VALUABLE,Более 2 лет,Средний,13.44,Средние скидки,>2 лет
TT-21070,Ted Trevino,Consumer,Akron,California,7,13857.15,1990.4,355.31,2016-05-18,2019-11-29,2132,195,0.12307692307692308,0.08,DORMANT_VALUABLE,Более 2 лет,Средний,14.36,Средние скидки,>2 лет
SC-20050,Sample Company A,Consumer,Arlington,California,9,13818.58,3289.3,345.46,2016-03-18,2019-11-20,2141,166,0.2,0.09,DORMANT_VALUABLE,Более 2 лет,Средний,23.8,Средние скидки,>2 лет
SB-20185,Sarah Brown,Consumer,Chicago,California,6,13807.81,1908.39,493.14,2016-09-20,2019-06-25,2289,107,0.12857142857142856,0.09,DORMANT_VALUABLE,Более 2 лет,Средний,13.82,Средние скидки,>2 лет
GM-14695,Greg Maxwell,Consumer,Alexandria,California,3,13777.63,393.23,510.28,2016-04-05,2019-09-04,2218,106,0.06666666666666667,0.09,DORMANT_VALUABLE,Более 2 лет,Средний,2.85,Низкие скидки,>2 лет
SC-20770,Stewart Carmichael,Consumer,Dallas,Alabama,7,13681.73,-2584.04,224.29,2017-06-20,2019-11-19,2142,222,0.3081967213114754,0.09,DORMANT_VALUABLE,Более 2 лет,Средний,-18.89,Высокие скидки,>2 лет
IL-15100,Ivan Liston,Consumer,Columbus,California,7,13634.59,3037.95,389.56,2016-08-01,2019-08-10,2243,150,0.08,0.09,DORMANT_VALUABLE,Более 2 лет,Средний,22.28,Низкие скидки,>2 лет
AR-10540,Andy Reiter,Consumer,Jackson,California,6,13632.39,5888.3,592.71,2016-11-25,2019-12-24,2107,82,0.06956521739130435,0.09,DORMANT_VALUABLE,Более 2 лет,Средний,43.19,Низкие скидки,>2 лет
BD-11320,Bill Donatelli,Consumer,Detroit,California,12,13611.78,2381.51,272.24,2017-05-31,2019-11-27,2134,197,0.074,0.09,DORMANT_VALUABLE,Более 2 лет,Средний,17.5,Низкие скидки,>2 лет
AA-10645,Anna Andreadi,Consumer,Chester,California,6,13592.02,2232.02,277.39,2016-06-22,2019-11-05,2156,176,0.0673469387755102,0.09,DORMANT_VALUABLE,Более 2 лет,Средний,16.42,Низкие скидки,>2 лет
KH-16510,Keith Herrera,Consumer,Arlington,California,7,13577.02,1181.0,226.28,2016-08-15,2019-12-08,2123,243,0.1,0.09,DORMANT_VALUABLE,Более 2 лет,Средний,8.7,Низкие скидки,>2 лет
JA-15970,Joseph Airdo,Consumer,Cuyahoga Falls,Arizona,8,13575.8,-1547.46,261.07,2016-09-17,2019-09-29,2193,195,0.19807692307692307,0.09,DORMANT_VALUABLE,Более 2 лет,Средний,-11.4,Средние скидки,>2 лет
DW-13480,Dianna Wilson,Consumer,Detroit,California,5,13568.35,3423.8,467.87,2016-06-01,2019-05-27,2318,98,0.034482758620689655,0.1,DORMANT_VALUABLE,Более 2 лет,Средний,25.23,Низкие скидки,>2 лет
KD-16270,Karen Daniels,Consumer,Houston,California,5,13510.67,-168.38,337.77,2016-11-11,2018-09-02,2585,156,0.175,0.1,DORMANT_VALUABLE,Более 2 лет,Средний,-1.25,Средние скидки,>2 лет
KL-16555,Kelly Lampkin,Consumer,Aurora,Arkansas,8,13483.01,-602.28,221.03,2016-06-15,2019-12-14,2117,243,0.30327868852459017,0.1,DORMANT_VALUABLE,Более 2 лет,Средний,-4.47,Высокие скидки,>2 лет
JK-16090,Juliana Krohn,Consumer,Louisville,Kentucky,3,13447.99,2454.55,560.33,2017-04-21,2019-12-02,2129,115,0.1875,0.1,DORMANT_VALUABLE,Более 2 лет,Средний,18.25,Средние скидки,>2 лет
PO-19180,Philisse Overcash,Consumer,Chicago,Colorado,9,13436.94,3699.62,248.83,2017-08-11,2019-07-23,2261,201,0.10185185185185185,0.1,DORMANT_VALUABLE,Более 2 лет,Средний,27.53,Средние скидки,>2 лет
TB-21520,Tracy Blumstein,Consumer,Beaumont,Arizona,9,13428.37,-4912.78,258.24,2016-10-17,2019-09-14,2208,217,0.2673076923076923,0.1,DORMANT_VALUABLE,Более 2 лет,Средний,-36.59,Высокие скидки,>2 лет
BS-11365,Bill Shonely,Consumer,Columbus,Georgia,5,13391.44,3155.8,557.98,2016-05-04,2018-06-20,2659,99,0.0125,0.1,DORMANT_VALUABLE,Более 2 лет,Средний,23.57,Низкие скидки,>2 лет
JK-15730,Joe Kamberova,Consumer,Asheville,Alabama,10,13337.09,420.32,251.64,2016-11-18,2019-10-07,2185,237,0.3452830188679245,0.1,DORMANT_VALUABLE,Более 2 лет,Средний,3.15,Высокие скидки,>2 лет
VW-21775,Victoria Wilson,Consumer,Bellevue,Alabama,10,13300.24,-1601.65,302.28,2016-05-11,2019-12-02,2129,193,0.14545454545454545,0.1,DORMANT_VALUABLE,Более 2 лет,Средний,-12.04,Средние скидки,>2 лет
KM-16720,Kunst Miller,Consumer,Avondale,Arizona,8,13231.98,1931.82,181.26,2016-03-30,2019-12-02,2129,258,0.09178082191780822,0.1,DORMANT_VALUABLE,Более 2 лет,Средний,14.6,Низкие скидки,>2 лет
BW-11110,Bart Watters,Consumer,Detroit,California,8,13202.83,2748.51,300.06,2017-03-20,2019-08-31,2222,196,0.1159090909090909,0.11,DORMANT_VALUABLE,Более 2 лет,Средний,20.82,Средние скидки,>2 лет
NW-18400,Natalie Webber,Consumer,Las Vegas,Alabama,7,13191.34,1893.31,253.68,2016-06-21,2019-07-11,2273,183,0.19423076923076923,0.11,DORMANT_VALUABLE,Более 2 лет,Средний,14.35,Средние скидки,>2 лет
SC-20725,Steven Cartwright,Consumer,Houston,Arizona,11,13099.11,3432.23,211.28,2016-06-03,2019-06-26,2288,319,0.13709677419354838,0.11,DORMANT_VALUABLE,Более 2 лет,Средний,26.2,Средние скидки,>2 лет
RB-19795,Ross Baird,Consumer,Charlotte,California,8,13067.23,-892.47,278.03,2016-06-03,2019-11-28,2133,240,0.26170212765957446,0.11,DORMANT_VALUABLE,Более 2 лет,Средний,-6.83,Высокие скидки,>2 лет
MJ-17740,Max Jones,Consumer,Detroit,California,7,13044.26,2311.11,383.65,2017-06-09,2019-12-08,2123,101,0.18529411764705883,0.11,DORMANT_VALUABLE,Более 2 лет,Средний,17.72,Средние скидки,>2 лет
DK-13225,Dean Katz,Consumer,Anaheim,California,9,12944.97,843.4,258.9,2016-03-14,2019-12-20,2111,186,0.192,0.11,DORMANT_VALUABLE,Более 2 лет,Средний,6.52,Средние скидки,>2 лет
CS-12400,Christopher Schild,Consumer,Chicago,California,9,12934.83,-1132.46,300.81,2016-09-26,2019-12-28,2103,143,0.22790697674418606,0.11,DORMANT_VALUABLE,Более 2 лет,Средний,-8.76,Высокие скидки,>2 лет
HK-14890,Heather Kirkland,Consumer,Boise,California,8,12869.07,2313.96,338.66,2016-06-10,2019-08-01,2252,164,0.23684210526315788,0.11,DORMANT_VALUABLE,Более 2 лет,Средний,17.98,Высокие скидки,>2 лет
NP-18325,Naresj Patel,Consumer,New York City,California,6,12851.03,2884.2,285.58,2016-05-13,2019-12-05,2126,155,0.07111111111111111,0.11,DORMANT_VALUABLE,Более 2 лет,Средний,22.44,Низкие скидки,>2 лет
AH-10210,Alan Hwang,Consumer,Anaheim,California,9,12805.8,3749.69,400.18,2016-11-29,2019-12-24,2107,126,0.08125,0.11,DORMANT_VALUABLE,Более 2 лет,Средний,29.28,Низкие скидки,>2 лет
PW-19030,Pauline Webber,Consumer,Los Angeles,California,10,12800.55,2973.0,320.01,2016-05-16,2019-11-14,2147,143,0.0325,0.12,DORMANT_VALUABLE,Более 2 лет,Средний,23.23,Низкие скидки,>2 лет
AJ-10780,Anthony Jacobs,Consumer,Baltimore,Arizona,7,12798.62,1040.51,355.52,2016-01-10,2019-10-16,2176,155,0.07777777777777778,0.12,DORMANT_VALUABLE,Более 2 лет,Средний,8.13,Низкие скидки,>2 лет
VD-21670,Valerie Dominguez,Consumer,Columbia,Florida,6,12767.49,2698.34,345.07,2016-08-04,2018-05-28,2682,161,0.10270270270270271,0.12,DORMANT_VALUABLE,Более 2 лет,Средний,21.13,Средние скидки,>2 лет
MW-18220,Mitch Webber,Consumer,Coon Rapids,Minnesota,7,12680.3,2774.46,384.25,2016-08-25,2019-12-13,2118,119,0.08787878787878788,0.12,DORMANT_VALUABLE,Более 2 лет,Средний,21.88,Низкие скидки,>2 лет
AM-10705,Anne McFarland,Consumer,Auburn,Alabama,8,12623.42,2404.26,229.52,2016-10-31,2019-07-21,2263,189,0.05090909090909091,0.12,DORMANT_VALUABLE,Более 2 лет,Средний,19.05,Низкие скидки,>2 лет
JK-15205,Jamie Kunitz,Consumer,Arlington,California,5,12610.22,3520.47,406.78,2016-07-11,2019-10-30,2162,170,0.13870967741935483,0.12,DORMANT_VALUABLE,Более 2 лет,Средний,27.92,Средние скидки,>2 лет
JK-15625,Jim Karlsson,Consumer,Columbus,Mississippi,7,12584.27,3092.79,393.26,2016-05-31,2019-10-30,2162,107,0.10625,0.12,DORMANT_VALUABLE,Более 2 лет,Средний,24.58,Средние скидки,>2 лет
EB-13840,Ellis Ballard,Consumer,Chicago,Illinois,5,12580.81,2008.58,629.04,2016-05-30,2019-10-01,2191,103,0.09,0.12,DORMANT_VALUABLE,Более 2 лет,Средний,15.97,Низкие скидки,>2 лет
ES-14080,Erin Smith,Consumer,Lakewood,Arizona,9,12406.82,616.68,229.76,2016-10-02,2019-12-02,2129,195,0.2740740740740741,0.12,DORMANT_VALUABLE,Более 2 лет,Средний,4.97,Высокие скидки,>2 лет
GA-14515,George Ashbrook,Consumer,Columbus,California,8,12348.25,2510.53,333.74,2016-05-18,2019-08-03,2250,130,0.07567567567567568,0.12,DORMANT_VALUABLE,Более 2 лет,Средний,20.33,Низкие скидки,>2 лет
CM-12655,Corinna Mitchell,Consumer,Houston,California,6,12347.06,2832.03,493.88,2017-03-19,2019-12-03,2128,100,0.0736,0.13,DORMANT_VALUABLE,Более 2 лет,Средний,22.94,Низкие скидки,>2 лет
PM-19135,Peter McVee,Consumer,Detroit,Florida,4,12346.99,1580.26,587.95,2017-12-19,2019-11-09,2152,108,0.12857142857142856,0.13,DORMANT_VALUABLE,Более 2 лет,Средний,12.8,Средние скидки,>2 лет
EM-14140,Eugene Moren,Consumer,Glendale,Arizona,6,12346.43,3721.09,209.26,2016-07-19,2019-11-12,2149,208,0.06440677966101695,0.13,DORMANT_VALUABLE,Более 2 лет,Средний,30.14,Низкие скидки,>2 лет
RL-19615,Rob Lucas,Consumer,Chicago,Alabama,8,12323.01,1138.52,205.38,2016-12-05,2019-08-31,2222,255,0.2225,0.13,DORMANT_VALUABLE,Более 2 лет,Средний,9.24,Высокие скидки,>2 лет
CB-12535,Claudia Bergmann,Consumer,Burlington,California,8,12308.64,3275.25,246.17,2017-01-02,2019-06-16,2298,202,0.041,0.13,DORMANT_VALUABLE,Более 2 лет,Средний,26.61,Низкие скидки,>2 лет
KT-16480,Kean Thornton,Consumer,Buffalo,California,10,12285.0,831.32,383.91,2016-03-10,2019-09-21,2201,96,0.15125,0.13,DORMANT_VALUABLE,Более 2 лет,Средний,6.77,Средние скидки,>2 лет
TS-21205,Thomas Seio,Consumer,Asheville,California,7,12252.61,1999.82,266.36,2016-03-21,2019-06-15,2299,157,0.14347826086956522,0.13,DORMANT_VALUABLE,Более 2 лет,Средний,16.32,Средние скидки,>2 лет
CP-12340,Christine Phan,Consumer,Jacksonville,California,8,12248.68,-3447.03,395.12,2016-03-17,2019-07-23,2261,123,0.22903225806451613,0.13,DORMANT_VALUABLE,Более 2 лет,Средний,-28.14,Высокие скидки,>2 лет
MA-17560,Matt Abelman,Consumer,Chicago,California,11,12230.17,3468.71,134.4,2016-08-08,2019-10-27,2165,309,0.0978021978021978,0.13,DORMANT_VALUABLE,Более 2 лет,Средний,28.36,Низкие скидки,>2 лет
MG-17650,Matthew Grinstein,Consumer,Dallas,Michigan,7,12191.23,1126.48,312.6,2016-08-09,2019-12-01,2130,165,0.1282051282051282,0.14,DORMANT_VALUABLE,Более 2 лет,Средний,9.24,Средние скидки,>2 лет
SC-20305,Sean Christensen,Consumer,Beaumont,California,7,12115.62,763.16,346.16,2016-12-16,2019-12-01,2130,184,0.21142857142857144,0.14,DORMANT_VALUABLE,Более 2 лет,Средний,6.3,Высокие скидки,>2 лет
LB-16795,Laurel Beltran,Consumer,Apopka,California,8,12090.38,1405.76,183.19,2016-04-23,2019-07-31,2253,210,0.23787878787878788,0.14,DORMANT_VALUABLE,Более 2 лет,Средний,11.63,Высокие скидки,>2 лет
AJ-10795,Anthony Johnson,Consumer,Apple Valley,California,7,12077.66,3050.91,236.82,2016-05-14,2019-07-17,2267,219,0.08333333333333333,0.14,DORMANT_VALUABLE,Более 2 лет,Средний,25.26,Низкие скидки,>2 лет
SP-20860,Sung Pak,Consumer,Chicago,California,10,12024.91,1537.87,179.48,2016-12-15,2019-10-12,2180,215,0.20597014925373133,0.14,DORMANT_VALUABLE,Более 2 лет,Средний,12.79,Высокие скидки,>2 лет
DB-13270,Deborah Brumfield,Consumer,Austin,California,8,12011.34,1985.06,307.98,2016-02-04,2019-11-07,2154,162,0.2076923076923077,0.14,DORMANT_VALUABLE,Более 2 лет,Средний,16.53,Высокие скидки,>2 лет
EP-13915,Emily Phan,Consumer,Chicago,Arizona,17,11906.36,775.13,163.1,2016-07-06,2019-12-18,2113,290,0.18821917808219177,0.14,DORMANT_VALUABLE,Более 2 лет,Средний,6.51,Средние скидки,>2 лет
DM-13015,Darrin Martin,Consumer,Encinitas,California,7,11839.58,2115.21,263.1,2016-09-14,2019-11-03,2158,188,0.23555555555555555,0.14,DORMANT_VALUABLE,Более 2 лет,Средний,17.87,Высокие скидки,>2 лет
MW-18235,Mitch Willingham,Consumer,San Francisco,California,2,11743.69,3677.1,1467.96,2016-05-21,2019-11-16,2145,32,0.05,0.14,DORMANT_VALUABLE,Более 2 лет,Средний,31.31,Низкие скидки,>2 лет
MG-18145,Mike Gockenbach,Consumer,Jacksonville,California,4,11738.74,481.23,489.11,2016-03-29,2019-10-07,2185,146,0.1625,0.14,DORMANT_VALUABLE,Более 2 лет,Средний,4.1,Средние скидки,>2 лет
AA-10315,Alex Avila,Consumer,Minneapolis,California,5,11699.19,-724.05,403.42,2016-03-31,2019-06-29,2285,73,0.06206896551724138,0.15,DORMANT_VALUABLE,Более 2 лет,Средний,-6.19,Низкие скидки,>2 лет
RP-19390,Resi P�lking,Consumer,Baltimore,Arizona,12,11692.16,387.31,198.17,2016-05-24,2019-11-27,2134,209,0.16440677966101694,0.15,DORMANT_VALUABLE,Более 2 лет,Средний,3.31,Средние скидки,>2 лет
MP-17965,Michael Paige,Consumer,Bristol,Connecticut,9,11657.91,1923.91,219.96,2017-04-18,2019-10-19,2173,163,0.24528301886792453,0.15,DORMANT_VALUABLE,Более 2 лет,Средний,16.5,Высокие скидки,>2 лет
IM-15070,Irene Maddox,Consumer,Colorado Springs,Alabama,7,11619.81,1935.76,223.46,2016-12-19,2018-12-05,2491,223,0.1576923076923077,0.15,DORMANT_VALUABLE,Более 2 лет,Средний,16.66,Средние скидки,>2 лет
TB-21400,Tom Boeckenhauer,Consumer,Alexandria,California,7,11582.46,3422.7,282.5,2016-01-21,2019-06-11,2303,129,0.06341463414634146,0.15,DORMANT_VALUABLE,Более 2 лет,Средний,29.55,Низкие скидки,>2 лет
RD-19480,Rick Duston,Consumer,Houston,California,8,11492.63,1188.79,348.26,2016-06-08,2019-10-19,2173,145,0.09090909090909091,0.15,DORMANT_VALUABLE,Более 2 лет,Средний,10.34,Низкие скидки,>2 лет
CS-12505,Cindy Stewart,Consumer,Columbus,California,6,11386.63,-13756.02,632.59,2016-03-26,2019-11-02,2159,77,0.22777777777777777,0.15,DORMANT_VALUABLE,Более 2 лет,Средний,-120.81,Высокие скидки,>2 лет
NM-18445,Nathan Mautz,Consumer,Concord,California,7,11358.27,4249.47,298.9,2016-02-08,2019-07-23,2261,123,0.04736842105263158,0.15,DORMANT_VALUABLE,Более 2 лет,Средний,37.41,Низкие скидки,>2 лет
AR-10825,Anthony Rawles,Consumer,Austin,California,8,11262.07,1269.21,341.27,2016-06-30,2019-11-02,2159,138,0.07272727272727272,0.15,DORMANT_VALUABLE,Более 2 лет,Средний,11.27,Низкие скидки,>2 лет
HG-15025,Hunter Glantz,Consumer,Amarillo,California,7,11173.0,2444.9,360.42,2016-10-14,2019-12-24,2107,101,0.16451612903225807,0.15,DORMANT_VALUABLE,Более 2 лет,Средний,21.88,Средние скидки,>2 лет
DB-13060,Dave Brooks,Consumer,Chicago,California,7,11096.52,1132.92,317.04,2016-03-01,2019-12-14,2117,132,0.2,0.16,DORMANT_VALUABLE,Более 2 лет,Средний,10.21,Средние скидки,>2 лет
CP-12085,Cathy Prescott,Consumer,Covington,Arizona,8,11078.13,883.81,335.7,2016-12-04,2019-10-09,2183,137,0.15757575757575756,0.16,DORMANT_VALUABLE,Более 2 лет,Средний,7.98,Средние скидки,>2 лет
TP-21130,Theone Pippenger,Consumer,Columbus,Georgia,9,11049.13,2877.39,298.63,2017-04-14,2019-12-22,2109,136,0.0972972972972973,0.16,DORMANT_VALUABLE,Более 2 лет,Средний,26.04,Низкие скидки,>2 лет
LR-16915,Lena Radford,Consumer,Durham,California,6,11046.32,1146.6,315.61,2016-08-08,2019-12-04,2127,153,0.17714285714285713,0.16,DORMANT_VALUABLE,Более 2 лет,Средний,10.38,Средние скидки,>2 лет
GT-14635,Grant Thornton,Consumer,Burlington,New York,3,11036.57,-4307.75,788.33,2016-06-06,2019-11-04,2157,61,0.20714285714285716,0.16,DORMANT_VALUABLE,Более 2 лет,Средний,-39.03,Высокие скидки,>2 лет
KB-16240,Karen Bern,Consumer,Chattanooga,California,7,11018.02,2449.85,379.93,2016-03-31,2019-12-26,2105,101,0.1482758620689655,0.16,DORMANT_VALUABLE,Более 2 лет,Средний,22.23,Средние скидки,>2 лет
CA-11965,Carol Adams,Consumer,Hoover,Alabama,6,10981.08,3466.41,392.18,2016-01-26,2019-09-25,2197,83,0.10857142857142857,0.16,DORMANT_VALUABLE,Более 2 лет,Средний,31.57,Средние скидки,>2 лет
SA-20830,Sue Ann Reed,Consumer,Chicago,California,10,10911.86,1374.29,198.4,2016-02-22,2019-10-28,2164,188,0.2290909090909091,0.16,DORMANT_VALUABLE,Более 2 лет,Средний,12.59,Высокие скидки,>2 лет
FH-14275,Frank Hawley,Consumer,Aurora,California,10,10892.53,2881.08,201.71,2016-04-06,2019-11-23,2138,169,0.12407407407407407,0.16,DORMANT_VALUABLE,Более 2 лет,Средний,26.45,Средние скидки,>2 лет
SS-20410,Shahid Shariari,Consumer,Atlanta,California,6,10812.41,-3612.0,318.01,2016-05-30,2019-09-11,2211,135,0.28823529411764703,0.16,DORMANT_VALUABLE,Более 2 лет,Средний,-33.41,Высокие скидки,>2 лет
AT-10735,Annie Thurman,Consumer,Bristol,California,10,10786.54,2837.25,276.58,2016-08-30,2019-12-17,2114,150,0.07692307692307693,0.17,DORMANT_VALUABLE,Более 2 лет,Средний,26.3,Низкие скидки,>2 лет
CC-12430,Chuck Clark,Consumer,Columbus,California,10,10782.27,1687.09,182.75,2017-09-06,2019-12-30,2101,194,0.05254237288135593,0.17,DORMANT_VALUABLE,Более 2 лет,Средний,15.65,Низкие скидки,>2 лет
BP-11185,Ben Peterman,Consumer,Anaheim,California,9,10765.32,790.65,215.31,2017-03-24,2019-12-29,2102,205,0.23,0.17,DORMANT_VALUABLE,Более 2 лет,Средний,7.34,Высокие скидки,>2 лет
RS-19765,Roland Schwarz,Consumer,Charlotte,California,8,10731.34,3025.09,306.61,2016-04-07,2019-11-24,2137,133,0.12571428571428572,0.17,DORMANT_VALUABLE,Более 2 лет,Средний,28.19,Средние скидки,>2 лет
RO-19780,Rose O'Brian,Consumer,Arlington,California,7,10704.53,-3800.9,356.82,2017-05-12,2019-11-25,2136,122,0.31666666666666665,0.17,DORMANT_VALUABLE,Более 2 лет,Средний,-35.51,Высокие скидки,>2 лет
BS-11380,Bill Stewart,Consumer,Bowling Green,California,5,10641.22,101.1,304.03,2016-11-29,2019-12-02,2129,153,0.2714285714285714,0.17,DORMANT_VALUABLE,Более 2 лет,Средний,0.95,Высокие скидки,>2 лет
SV-20785,Stewart Visinsky,Consumer,Baltimore,California,9,10623.23,1062.87,186.37,2016-04-12,2019-02-13,2421,212,0.17719298245614035,0.17,DORMANT_VALUABLE,Более 2 лет,Средний,10.01,Средние скидки,>2 лет
PW-19240,Pierre Wener,Consumer,Columbia,California,7,10621.32,3933.48,424.85,2016-11-18,2018-09-22,2565,79,0.156,0.17,DORMANT_VALUABLE,Более 2 лет,Средний,37.03,Средние скидки,>2 лет
CS-12355,Christine Sundaresam,Consumer,Dublin,California,11,10608.33,2789.41,189.43,2016-08-15,2019-12-24,2107,204,0.075,0.17,DORMANT_VALUABLE,Более 2 лет,Средний,26.29,Низкие скидки,>2 лет
SC-20260,Scott Cohen,Consumer,Arlington,California,8,10512.42,1910.29,228.53,2016-04-06,2019-06-26,2288,160,0.17065217391304346,0.17,DORMANT_VALUABLE,Более 2 лет,Средний,18.17,Средние скидки,>2 лет
RB-19465,Rick Bensley,Consumer,Chicago,California,12,10493.01,1536.3,180.91,2016-03-14,2019-12-21,2110,209,0.12241379310344827,0.18,DORMANT_VALUABLE,Более 2 лет,Средний,14.64,Средние скидки,>2 лет
KH-16690,Kristen Hastings,Consumer,Los Angeles,California,7,10486.45,1722.5,275.96,2016-03-21,2019-12-28,2103,175,0.1394736842105263,0.18,DORMANT_VALUABLE,Более 2 лет,Средний,16.43,Средние скидки,>2 лет
FP-14320,Frank Preis,Consumer,Huntsville,California,8,10472.59,1081.19,290.91,2016-12-07,2019-12-07,2124,134,0.13333333333333333,0.18,DORMANT_VALUABLE,Более 2 лет,Средний,10.32,Средние скидки,>2 лет
TH-21550,Tracy Hopkins,Consumer,Burlington,Florida,7,10470.43,-339.32,290.85,2016-04-05,2019-10-19,2173,123,0.05,0.18,DORMANT_VALUABLE,Более 2 лет,Средний,-3.24,Низкие скидки,>2 лет
BE-11335,Bill Eplett,Consumer,Houston,California,5,10433.41,3573.84,417.34,2018-01-15,2019-09-02,2220,99,0.016,0.18,DORMANT_VALUABLE,Более 2 лет,Средний,34.25,Низкие скидки,>2 лет
TB-21175,Thomas Boland,Consumer,Henderson,Kentucky,4,10429.72,2476.53,401.14,2016-12-08,2019-11-02,2159,91,0.08461538461538462,0.18,DORMANT_VALUABLE,Более 2 лет,Средний,23.74,Низкие скидки,>2 лет
ED-13885,Emily Ducich,Consumer,Houston,California,8,10419.52,1998.69,260.49,2016-08-09,2019-08-17,2236,159,0.215,0.18,DORMANT_VALUABLE,Более 2 лет,Средний,19.18,Высокие скидки,>2 лет
GZ-14470,Gary Zandusky,Consumer,Arlington,Arizona,9,10264.41,2450.42,320.76,2016-08-05,2019-12-23,2108,109,0.08125,0.18,DORMANT_VALUABLE,Более 2 лет,Средний,23.87,Низкие скидки,>2 лет
DK-12895,Dana Kaydos,Consumer,Franklin,Florida,5,10220.25,2147.88,283.9,2017-03-08,2019-11-15,2146,161,0.08888888888888889,0.18,DORMANT_VALUABLE,Более 2 лет,Средний,21.02,Низкие скидки,>2 лет
FC-14335,Fred Chung,Consumer,Albuquerque,California,7,10051.62,1943.09,386.6,2016-10-10,2019-06-29,2285,98,0.16153846153846155,0.18,DORMANT_VALUABLE,Более 2 лет,Средний,19.33,Средние скидки,>2 лет
EB-13705,Ed Braxton,Consumer,Akron,California,9,9998.66,80.03,302.99,2016-07-08,2019-11-12,2149,150,0.24545454545454545,0.19,DORMANT_VALUABLE,Более 2 лет,Средний,0.8,Высокие скидки,>2 лет
AG-10675,Anna Gayman,Consumer,Allen,Georgia,7,9876.91,-773.65,266.94,2017-05-07,2019-09-24,2198,130,0.16378378378378378,0.19,DORMANT_VALUABLE,Более 2 лет,Средний,-7.83,Средние скидки,>2 лет
SP-20920,Susan Pistek,Consumer,Chicago,California,6,9868.08,103.48,266.7,2016-11-22,2019-10-21,2171,143,0.2864864864864865,0.19,DORMANT_VALUABLE,Более 2 лет,Средний,1.05,Высокие скидки,>2 лет
JF-15565,Jill Fjeld,Consumer,Dallas,California,8,9860.75,2299.14,246.52,2016-10-11,2019-11-06,2155,167,0.165,0.19,DORMANT_VALUABLE,Более 2 лет,Средний,23.32,Средние скидки,>2 лет
LC-16960,Lindsay Castell,Consumer,Arlington,California,4,9817.58,811.54,426.85,2017-02-23,2018-10-20,2537,90,0.3521739130434783,0.19,DORMANT_VALUABLE,Более 2 лет,Средний,8.27,Высокие скидки,>2 лет
FC-14245,Frank Carlisle,Consumer,Columbia,California,7,9783.05,3421.36,232.93,2017-06-13,2019-10-21,2171,140,0.15,0.19,DORMANT_VALUABLE,Более 2 лет,Средний,34.97,Средние скидки,>2 лет
CT-11995,Carol Triggs,Consumer,Apple Valley,Arizona,8,9660.17,910.96,197.15,2016-05-07,2019-09-25,2197,174,0.15306122448979592,0.19,DORMANT_VALUABLE,Более 2 лет,Средний,9.43,Средние скидки,>2 лет
CC-12220,Chris Cortes,Consumer,Chesapeake,California,12,9639.06,1053.78,178.5,2016-09-09,2019-12-10,2121,197,0.10925925925925926,0.19,DORMANT_VALUABLE,Более 2 лет,Средний,10.93,Средние скидки,>2 лет
LF-17185,Luke Foster,Consumer,Houston,California,7,9616.71,-6860.11,234.55,2016-07-26,2019-12-08,2123,178,0.3121951219512195,0.19,DORMANT_VALUABLE,Более 2 лет,Средний,-71.34,Высокие скидки,>2 лет
JS-15880,John Stevenson,Consumer,Atlanta,Georgia,5,9615.47,1546.71,437.07,2016-04-08,2018-07-14,2635,111,0.1290909090909091,0.19,DORMANT_VALUABLE,Более 2 лет,Средний,16.09,Средние скидки,>2 лет
RF-19345,Randy Ferguson,Consumer,Chicago,Arizona,8,9607.26,1832.81,240.18,2016-05-20,2018-12-05,2491,165,0.1325,0.2,DORMANT_VALUABLE,Более 2 лет,Средний,19.08,Средние скидки,>2 лет
HG-14965,Henry Goldwyn,Consumer,Chicago,California,12,9566.12,-8424.77,212.58,2016-09-20,2019-12-07,2124,180,0.17333333333333334,0.2,DORMANT_VALUABLE,Более 2 лет,Средний,-88.07,Средние скидки,>2 лет
GB-14575,Giulietta Baptist,Consumer,Arlington,Kansas,5,9549.81,2279.59,265.27,2017-06-12,2019-12-17,2114,136,0.03888888888888889,0.2,DORMANT_VALUABLE,Более 2 лет,Средний,23.87,Низкие скидки,>2 лет
EB-13750,Edward Becker,Consumer,Arlington,Alabama,10,9513.48,-245.48,172.97,2017-03-12,2019-11-25,2136,255,0.13090909090909092,0.2,DORMANT_VALUABLE,Более 2 лет,Средний,-2.58,Средние скидки,>2 лет
EH-14125,Eugene Hildebrand,Consumer,Aurora,California,10,9504.88,969.74,172.82,2016-10-19,2019-07-31,2253,237,0.22363636363636363,0.2,DORMANT_VALUABLE,Более 2 лет,Средний,10.2,Высокие скидки,>2 лет
KW-16435,Katrina Willman,Consumer,Austin,Illinois,5,9480.93,3652.77,364.65,2017-08-24,2019-09-25,2197,110,0.12692307692307692,0.2,DORMANT_VALUABLE,Более 2 лет,Средний,38.53,Средние скидки,>2 лет
SZ-20035,Sam Zeldin,Consumer,Canton,California,11,9388.17,989.9,184.08,2016-09-07,2019-11-25,2136,187,0.20784313725490197,0.2,DORMANT_VALUABLE,Более 2 лет,Средний,10.54,Высокие скидки,>2 лет
DL-13495,Dionis Lloyd,Consumer,Chandler,Arizona,8,9375.85,-329.09,312.53,2017-12-25,2019-10-15,2177,87,0.04666666666666667,0.2,DORMANT_VALUABLE,Более 2 лет,Средний,-3.51,Низкие скидки,>2 лет
AG-10900,Arthur Gainer,Consumer,Chicago,Arizona,10,9361.26,934.36,208.03,2016-07-23,2019-09-25,2197,188,0.17333333333333334,0.2,DORMANT_VALUABLE,Более 2 лет,Средний,9.98,Средние скидки,>2 лет
DB-13555,Dorothy Badders,Consumer,Dublin,Arkansas,7,9348.48,123.28,274.96,2016-04-21,2019-09-14,2208,145,0.14,0.2,DORMANT_VALUABLE,Более 2 лет,Средний,1.32,Средние скидки,>2 лет
RW-19690,Robert Waldorf,Consumer,Lafayette,California,5,9328.24,1947.67,282.67,2018-05-30,2019-10-12,2180,148,0.06666666666666667,0.21,DORMANT_VALUABLE,Более 2 лет,Средний,20.88,Низкие скидки,>2 лет
SR-20425,Sharelle Roach,Consumer,Detroit,Alabama,5,9267.7,-10125.18,386.15,2016-06-14,2019-12-22,2109,89,0.4125,0.21,DORMANT_VALUABLE,Более 2 лет,Средний,-109.25,Высокие скидки,>2 лет
SJ-20125,Sanjit Jacobs,Consumer,Chicago,Arkansas,12,9266.57,277.49,144.79,2017-09-22,2019-09-26,2196,277,0.2359375,0.21,DORMANT_VALUABLE,Более 2 лет,Средний,2.99,Высокие скидки,>2 лет
LW-16990,Lindsay Williams,Consumer,Henderson,California,6,9262.6,1805.29,308.75,2018-05-05,2019-11-27,2134,98,0.12,0.21,DORMANT_VALUABLE,Более 2 лет,Средний,19.49,Средние скидки,>2 лет
KH-16330,Katharine Harms,Consumer,Bowling Green,Illinois,8,9236.59,1145.13,192.43,2016-04-01,2019-11-20,2141,193,0.14375,0.21,DORMANT_VALUABLE,Более 2 лет,Средний,12.4,Средние скидки,>2 лет
MM-17920,Michael Moore,Consumer,Chesapeake,California,11,9234.13,-197.0,243.0,2016-01-13,2019-12-23,2108,142,0.19736842105263158,0.21,DORMANT_VALUABLE,Более 2 лет,Средний,-2.13,Средние скидки,>2 лет
DV-13465,Dianna Vittorini,Consumer,Denver,California,6,9204.03,1123.5,224.49,2016-06-22,2019-12-01,2130,173,0.08780487804878048,0.21,DORMANT_VALUABLE,Более 2 лет,Средний,12.21,Низкие скидки,>2 лет
ND-18370,Natalie DeCherney,Consumer,Glendale,Arizona,9,9161.78,577.17,203.6,2016-01-13,2019-12-03,2128,153,0.23777777777777778,0.21,DORMANT_VALUABLE,Более 2 лет,Средний,6.3,Высокие скидки,>2 лет
SN-20710,Steve Nguyen,Consumer,Covington,California,7,9159.53,1436.93,160.69,2016-05-06,2019-10-12,2180,259,0.12035087719298246,0.21,DORMANT_VALUABLE,Более 2 лет,Средний,15.69,Средние скидки,>2 лет
SC-20230,Scot Coram,Consumer,Arlington,California,4,9151.04,977.52,351.96,2018-06-06,2019-08-03,2250,117,0.1076923076923077,0.21,DORMANT_VALUABLE,Более 2 лет,Средний,10.68,Средние скидки,>2 лет
CM-12715,Craig Molinari,Consumer,Houston,Pennsylvania,4,9144.3,462.44,277.1,2016-03-07,2017-03-01,3135,145,0.33151515151515154,0.22,DORMANT_VALUABLE,Более 2 лет,Средний,5.06,Высокие скидки,>2 лет
MP-17470,Mark Packer,Consumer,Brownsville,Georgia,7,9079.33,1617.09,238.93,2016-03-30,2018-01-11,2819,209,0.12368421052631579,0.22,DORMANT_VALUABLE,Более 2 лет,Средний,17.81,Средние скидки,>2 лет
RR-19525,Rick Reed,Consumer,Cary,Kansas,6,9058.23,1921.78,335.49,2016-09-09,2019-07-13,2271,94,0.06666666666666667,0.22,DORMANT_VALUABLE,Более 2 лет,Средний,21.22,Низкие скидки,>2 лет
DM-13345,Denise Monton,Consumer,Asheville,California,8,9047.2,2600.86,251.31,2016-11-03,2019-12-08,2123,112,0.10555555555555556,0.22,DORMANT_VALUABLE,Более 2 лет,Средний,28.75,Средние скидки,>2 лет
TS-21655,Trudy Schmidt,Consumer,El Paso,Arkansas,5,9034.52,265.38,273.77,2017-02-06,2019-05-06,2339,118,0.19090909090909092,0.22,DORMANT_VALUABLE,Более 2 лет,Средний,2.94,Средние скидки,>2 лет
JM-15250,Janet Martin,Consumer,Baltimore,California,6,9029.1,581.49,192.11,2018-03-29,2019-11-23,2138,229,0.2680851063829787,0.22,DORMANT_VALUABLE,Более 2 лет,Средний,6.44,Высокие скидки,>2 лет
KH-16630,Ken Heidel,Consumer,Akron,California,9,9026.6,1757.46,209.92,2016-11-01,2019-11-02,2159,205,0.10232558139534884,0.22,DORMANT_VALUABLE,Более 2 лет,Средний,19.47,Средние скидки,>2 лет
GH-14425,Gary Hwang,Consumer,Jacksonville,Arizona,4,8961.35,2393.39,344.67,2016-06-17,2019-11-10,2151,133,0.19615384615384615,0.22,DORMANT_VALUABLE,Более 2 лет,Средний,26.71,Средние скидки,>2 лет
AI-10855,Arianne Irving,Consumer,Brentwood,Arizona,10,8945.85,1854.13,248.5,2016-04-28,2019-12-17,2114,149,0.075,0.22,DORMANT_VALUABLE,Более 2 лет,Средний,20.73,Низкие скидки,>2 лет
RA-19885,Ruben Ausman,Consumer,Athens,Alabama,7,8905.27,2863.67,247.37,2016-04-08,2019-11-17,2144,128,0.03888888888888889,0.22,DORMANT_VALUABLE,Более 2 лет,Средний,32.16,Низкие скидки,>2 лет
AW-10930,Arthur Wiediger,Consumer,Aurora,California,7,8901.37,-274.04,189.39,2016-07-14,2019-11-14,2147,201,0.3,0.23,DORMANT_VALUABLE,Более 2 лет,Средний,-3.08,Высокие скидки,>2 лет
JO-15145,Jack O'Briant,Consumer,Athens,California,9,8890.36,1658.83,269.4,2016-01-06,2019-11-03,2158,152,0.06363636363636363,0.23,DORMANT_VALUABLE,Более 2 лет,Средний,18.66,Низкие скидки,>2 лет
SL-20155,Sara Luxemburg,Consumer,Durham,Florida,7,8888.22,1517.34,370.34,2016-09-21,2019-10-21,2171,87,0.19166666666666668,0.23,DORMANT_VALUABLE,Более 2 лет,Средний,17.07,Средние скидки,>2 лет
TG-21310,Toby Gnade,Consumer,Des Moines,Arizona,5,8886.31,2193.92,386.36,2017-03-09,2019-01-27,2438,75,0.2,0.23,DORMANT_VALUABLE,Более 2 лет,Средний,24.69,Средние скидки,>2 лет
TC-21295,Toby Carlisle,Consumer,Everett,California,8,8878.49,1457.2,206.48,2016-10-14,2019-12-03,2128,161,0.13488372093023257,0.23,DORMANT_VALUABLE,Более 2 лет,Средний,16.41,Средние скидки,>2 лет
BD-11605,Brian Dahlen,Consumer,Lancaster,California,7,8864.65,1762.51,170.47,2016-01-13,2019-09-24,2198,197,0.06153846153846154,0.23,DORMANT_VALUABLE,Более 2 лет,Средний,19.88,Низкие скидки,>2 лет
BD-11500,Bradley Drucker,Consumer,Chicago,California,6,8826.51,2217.44,420.31,2016-02-01,2019-11-25,2136,109,0.14761904761904762,0.23,DORMANT_VALUABLE,Более 2 лет,Средний,25.12,Средние скидки,>2 лет
SH-19975,Sally Hughsby,Consumer,Caldwell,California,13,8823.09,1443.21,119.23,2016-12-10,2019-12-01,2130,293,0.14189189189189189,0.23,DORMANT_VALUABLE,Более 2 лет,Средний,16.36,Средние скидки,>2 лет
TN-21040,Tanja Norvell,Consumer,Manteca,Arizona,7,8809.52,-2248.57,259.1,2016-10-10,2019-10-01,2191,130,0.21176470588235294,0.23,DORMANT_VALUABLE,Более 2 лет,Средний,-25.52,Высокие скидки,>2 лет
TH-21115,Thea Hudgings,Consumer,Houston,Delaware,4,8795.38,-772.21,366.47,2016-09-23,2019-11-02,2159,78,0.25416666666666665,0.23,DORMANT_VALUABLE,Более 2 лет,Средний,-8.78,Высокие скидки,>2 лет
KT-16465,Kean Takahito,Consumer,Chicago,Arizona,7,8793.81,726.22,244.27,2016-09-08,2018-12-04,2492,122,0.2388888888888889,0.24,DORMANT_VALUABLE,Более 2 лет,Средний,8.26,Высокие скидки,>2 лет
CK-12325,Christine Kargatis,Consumer,Chesapeake,Arkansas,5,8744.87,779.52,265.0,2016-03-14,2019-09-01,2221,132,0.18787878787878787,0.24,DORMANT_VALUABLE,Более 2 лет,Средний,8.91,Средние скидки,>2 лет
GM-14440,Gary McGarr,Consumer,Knoxville,California,7,8695.54,896.66,322.06,2016-03-21,2019-10-08,2184,104,0.11851851851851852,0.24,DORMANT_VALUABLE,Более 2 лет,Средний,10.31,Средние скидки,>2 лет
AH-10075,Adam Hart,Consumer,Arlington,California,10,8656.86,799.73,163.34,2016-11-16,2019-11-26,2135,199,0.1471698113207547,0.24,DORMANT_VALUABLE,Более 2 лет,Средний,9.24,Средние скидки,>2 лет
KH-16360,Katherine Hughes,Consumer,Arlington,Delaware,6,8634.78,1378.61,261.66,2016-04-29,2019-12-29,2102,96,0.16666666666666666,0.24,DORMANT_VALUABLE,Более 2 лет,Средний,15.97,Средние скидки,>2 лет
DK-12835,Damala Kotsonis,Consumer,Detroit,California,12,8602.42,2356.29,122.89,2016-03-26,2019-12-09,2122,228,0.18142857142857144,0.24,DORMANT_VALUABLE,Более 2 лет,Средний,27.39,Средние скидки,>2 лет
LC-16930,Linda Cazamias,Consumer,Naperville,Arizona,8,8591.21,471.67,232.19,2016-02-20,2019-11-19,2142,126,0.17297297297297298,0.24,DORMANT_VALUABLE,Более 2 лет,Средний,5.49,Средние скидки,>2 лет
RH-19495,Rick Hansen,Consumer,Denver,Colorado,5,8589.99,2230.91,452.1,2016-08-23,2019-11-28,2133,88,0.07368421052631578,0.24,DORMANT_VALUABLE,Более 2 лет,Средний,25.97,Низкие скидки,>2 лет
DJ-13630,Doug Jacobs,Consumer,New York City,New York,3,8568.47,2001.66,408.02,2017-12-14,2019-12-18,2113,110,0.05714285714285714,0.24,DORMANT_VALUABLE,Более 2 лет,Средний,23.36,Низкие скидки,>2 лет
BC-11125,Becky Castell,Consumer,El Cajon,Arizona,9,8519.92,681.85,152.14,2016-07-06,2019-06-11,2303,184,0.10357142857142858,0.24,DORMANT_VALUABLE,Более 2 лет,Средний,8.0,Средние скидки,>2 лет
NS-18640,Noel Staavos,Consumer,Baltimore,California,13,8513.4,-348.05,113.51,2016-06-25,2019-07-09,2275,326,0.2,0.25,DORMANT_VALUABLE,Более 2 лет,Средний,-4.09,Средние скидки,>2 лет
SC-20020,Sam Craven,Consumer,Houston,Michigan,5,8508.44,-265.87,181.03,2016-03-03,2017-11-10,2881,172,0.19234042553191488,0.25,DORMANT_VALUABLE,Более 2 лет,Средний,-3.12,Средние скидки,>2 лет
ND-18460,Neil Ducich,Consumer,Chandler,Alabama,6,8470.38,1256.49,403.35,2016-02-06,2019-06-30,2284,93,0.1,0.25,DORMANT_VALUABLE,Более 2 лет,Средний,14.83,Низкие скидки,>2 лет
AP-10915,Arthur Prichep,Consumer,Columbus,California,10,8463.44,1551.53,111.36,2016-08-23,2019-09-23,2199,257,0.0868421052631579,0.25,DORMANT_VALUABLE,Более 2 лет,Средний,18.33,Низкие скидки,>2 лет
MN-17935,Michael Nguyen,Consumer,Clinton,Maryland,6,8457.56,1411.35,352.4,2016-02-16,2019-11-26,2135,90,0.25,0.25,DORMANT_VALUABLE,Более 2 лет,Средний,16.69,Высокие скидки,>2 лет
